Comment,Designator,Footprint,LCSC
"22p","C11,C12","Capacitor_SMD:C_0603_1608Metric_Pad1.08x0.95mm_HandSolder","C1653"
"1u","C2,C6,C10","Capacitor_SMD:C_0603_1608Metric_Pad1.08x0.95mm_HandSolder","C15849"
"100n","C4,C1,C9,C14,C7,C5,C13,C8,C3","Capacitor_SMD:C_0603_1608Metric_Pad1.08x0.95mm_HandSolder","C14663"
"D_Schottky","D1","Diode_THT:D_A-405_P2.54mm_Vertical_KathodeUp"
"5,5+ Zener","D2","Diode_SMD:D_SC-80_HandSoldering","C8062"
"LED on","D3","LED_SMD:LED_0805_2012Metric_Pad1.15x1.40mm_HandSolder","C2296"
"LED user","D4","LED_SMD:LED_0805_2012Metric_Pad1.15x1.40mm_HandSolder","C2293"
"Polyfuse","F1","Fuse:Fuse_1206_3216Metric_Pad1.42x1.75mm_HandSolder","C66453"
"AVR-ISP-6","ISP1","Connector_PinHeader_2.54mm:PinHeader_2x03_P2.54mm_Vertical"
"Jack-DC","J1","Connector_BarrelJack:BarrelJack_Wuerth_6941xx301002"
"Conn_01x06","J10","Connector_PinSocket_2.54mm:PinSocket_2x03_P2.54mm_Vertical"
"Power_connector","J19","Connector_PinSocket_2.54mm:PinSocket_1x06_P2.54mm_Vertical"
"01x03","J2,J3,J4,J5,J6,J7,J8,J9,J11,J12,J13,J14,J15,J16,J17,J18","jorgen:conn_01x03_square"
"ADC_Connector","J20","Connector_PinSocket_2.54mm:PinSocket_1x08_P2.54mm_Vertical"
"PORB++_connector","J21","Connector_PinSocket_2.54mm:PinSocket_1x08_P2.54mm_Vertical"
"PORD_connector","J22","Connector_PinSocket_2.54mm:PinSocket_1x08_P2.54mm_Vertical"
"Conn_01x01","J23","Connector_PinHeader_2.54mm:PinHeader_1x01_P2.54mm_Vertical"
"Device_Connector","J24","Connector_PinHeader_2.54mm:PinHeader_1x03_P2.54mm_Vertical"
"Pin out","J25","Connector_PinHeader_2.54mm:PinHeader_1x03_P2.54mm_Vertical"
"Com_header","J26","Connector_PinHeader_2.54mm:PinHeader_2x05_P2.54mm_Vertical"
"Power terminal","J27","jorgen:TerminalBlock_bornier-9_P5.08mm"
"USB","J28","Connector_USB:USB_Micro-B_Wuerth_629105150521"
"Logo_Open_Hardware_Large","LOGO1","jorgen:BB2QR"
"AO3401A","Q1","Package_TO_SOT_SMD:SOT-23","C15127"
"10k","R1,R2","Resistor_SMD:R_0603_1608Metric_Pad0.98x0.95mm_HandSolder","C25804"
"0.0R","R3","Resistor_SMD:R_0603_1608Metric_Pad0.98x0.95mm_HandSolder"
"0R","R4,R11,R12","Resistor_SMD:R_0603_1608Metric_Pad0.98x0.95mm_HandSolder","C21189"
"4,7k","R6","Resistor_SMD:R_0603_1608Metric_Pad0.98x0.95mm_HandSolder","C23162"
"330","R7","Resistor_SMD:R_0603_1608Metric_Pad0.98x0.95mm_HandSolder","C23138"
"1k","R8,R5","Resistor_SMD:R_0603_1608Metric_Pad0.98x0.95mm_HandSolder","C21190"
"100kR","R9","Resistor_SMD:R_0603_1608Metric_Pad0.98x0.95mm_HandSolder","C25803"
"ATMEL_SHIELD","SHIELD1","jorgen:AtmelSHIELD"
"SW_Push","SW1,SW2","Button_Switch_SMD:SW_SPST_TL3342","C318887"
"NCP1117-5","U1","Package_TO_SOT_SMD:SOT-223-3_TabPin2","C17314"
"L7805","U2","jorgen:TO-220-ver2"
"LM358","U3","Package_SO:SOIC-8_3.9x4.9mm_P1.27mm","C7950"
"ATMEGA328P-AU","U4","Package_QFP:TQFP-32_7x7mm_P0.8mm","C14877"
"MCP1700-33","U5","Package_TO_SOT_SMD:SOT-23","C62244"
"MCP2221","U6","Package_SO:TSSOP-14_4.4x5mm_P0.65mm","C130462"
"Crystal_GND24","Y1","Crystal:Crystal_SMD_3225-4Pin_3.2x2.5mm","C13738"